G1004A,5
V990I,2
R969C,3
V966M,2
E905D,4
V885I,21
R883H,2
N872K,5
G871S,9
T831M,3
R830Q,8
D820N,6
Q698H,2
D659H,2
V642I,8
A636T,6
N572D,7
D571N,2
D521E,2
R507H,7
R507C,2
R492Q,2
N491S,3
R463H,3
R463C,65
V422A,4
V247M,6
R84Q,2
R64Q,2
R19H,3
R19C,5
D9G,2
D6E,2
N1002N,3
D992D,62
Y991Y,4
F989F,2
D965D,7
P962P,9
T952T,6
F946F,64
V918V,2
Y892Y,2
L878L,12
P870P,442
L853L,12
T831T,20
P829P,922
S819S,2
A817A,3
Y814Y,2
A813A,6
P789P,4
T778T,104
P775P,10
N773N,585
F759F,5
I748I,2
D742D,14
D730D,7
I726I,5
A718A,11
T705T,9
F680F,8
D669D,4
I668I,6
S665S,4
T658T,16
H656H,10
C653C,2
A635A,6
N628N,2
T613T,2
S598S,3
A592A,26
D591D,4
I582I,3
N572N,3
T569T,2
D565D,33
F561F,2
R541R,6
L535L,2
S509S,422
N489N,4
T485T,4
I470I,2
S456S,2
I450I,13
K448K,4
A441A,2
V432V,3
Q427Q,25
C418C,2
T399T,3
H388H,2
V378V,15
T377T,4
T362T,42
T360T,4
K339K,7
T335T,7
I318I,3
I317I,2
Y305Y,14
G287G,2
T286T,10
L284L,3
I276I,3
I274I,5
T272T,153
T262T,5
G252G,6
T251T,3
V247V,16
T243T,2
S236S,4
T233T,3
H223H,2
T222T,18
P219P,5
S212S,3
H199H,11
N171N,3
Y121Y,99
A109A,8
Y105Y,14
I96I,19
K81K,17
T76T,2
P73P,2
N68N,2
R64R,16
C49C,21
D21D,2
E18E,4
Y1012S,1
G1004V,1
G1004E,1
R1000G,1
I988V,1
F986C,1
W977G,1
S976N,1
N941K,1
V903L,1
R830G,1
A817T,1
V807I,1
I774V,1
M724V,1
K717N,1
G708C,1
G706R,1
I701T,1
G699R,1
I691V,1
V679I,1
T676P,1
E670K,1
E666K,1
S665P,1
D659N,1
D649V,1
N639D,1
A635T,1
E629K,1
M579L,1
V576M,1
F561S,1
G558S,1
E552Q,1
E522K,1
E517K,1
R503C,1
D490N,1
N489K,1
N476K,1
P471L,1
P471T,1
A468V,1
R461C,1
S444T,1
A438T,1
D428G,1
A421S,1
H413R,1
H413Y,1
S405L,1
G398R,1
A390S,1
R343Q,1
R343W,1
R340C,1
V311I,1
V288M,1
V288L,1
V269M,1
R254C,1
N238S,1
R230P,1
R230W,1
C221Y,1
P219A,1
S218T,1
R217C,1
V203L,1
K184R,1
A172T,1
P115R,1
D114N,1
G106S,1
V80I,1
P72T,1
R43Q,1
R43W,1
V29A,1
R20G,1
G16S,1
K13T,1
P11A,1
D9E,1
D7E,1
D7N,1
G2A,1
F982F,1
R969R,1
L968L,1
S959S,1
F957F,1
S933S,1
R930R,1
C927C,1
I916I,1
R883R,1
I876I,1
L873L,1
N872N,1
G855G,1
Q851Q,1
Y844Y,1
L834L,1
K823K,1
E815E,1
P808P,1
G803G,1
I800I,1
I777I,1
S765S,1
G751G,1
P713P,1
A703A,1
T683T,1
V679V,1
T676T,1
T664T,1
P641P,1
T630T,1
G627G,1
I623I,1
P611P,1
G608G,1
T607T,1
A588A,1
T570T,1
P501P,1
A500A,1
G455G,1
A445A,1
E443E,1
R420R,1
D402D,1
E394E,1
G369G,1
T368T,1
L351L,1
R343R,1
T337T,1
L334L,1
L326L,1
L314L,1
L303L,1
G293G,1
P273P,1
E268E,1
F235F,1
P226P,1
G210G,1
L193L,1
V177V,1
T133T,1
A128A,1
D118D,1
T111T,1
C101C,1
A98A,1
G97G,1
F90F,1
G88G,1
V80V,1
A69A,1
P67P,1
H55H,1
Y45Y,1
K44K,1
D6D,1
