S137F,5
S137Y,4
Q140L,2
I274N,5
I274T,2
E277K,6
G316S,2
V322D,2
L326R,2
A320T,2
C333F,5
T613M,14
G706R,5
G734E,2
G755C,4
G755S,5
R756C,9
R756H,5
I758S,4
T771N,2
S772R,5
D801N,107
D801Y,2
D801E,3
L802P,2
T804I,3
M806R,3
P808L,2
S811P,6
E815K,61
E818K,48
L839P,2
D923N,8
D923Y,3
C927Y,2
C927W,2
G947R,32
E951K,2
A955D,2
D992Y,2
L888P,2
G89A,1
G123R,1
V129M,1
M154V,1
D220N,1
L292R,1
F266S,1
G316V,1
V322I,1
T331I,1
E324G,1
G358C,1
G358D,1
G358V,1
I363N,1
T370N,1
L371P,1
D583Y,1
V589F,1
C596R,1
R597P,1
A681T,1
D742Y,1
F780L,1
G755A,1
G755V,1
N761H,1
Y768H,1
Y768C,1
T769P,1
L770R,1
T771I,1
N773H,1
N773I,1
N773S,1
I810N,1
D805H,1
D805N,1
M806K,1
I810S,1
G867D,1
G893R,1
R901T,1
C927F,1
A338P,1
D801V,1
G358S,1
L715P,1
S684F,1
T316M,1
